Titulo,Código,Autor,Assunto,Valor
50 Tons da Vida,36,Roberto Livianu,"Literatura brasileira, Crônicas","R$39,90"
530 Gramas de Ilustrações,37,Marcelo Cipis,"Arte, Ilustração e pintura, Humor","R$63,00"
A Um - Poemas,38,Robert Creeley,"Poesia, Literatura estrangeira, Bilíngue, Ilustrado, Tradução","R$41,00"
A.S.A. - Associação dos Solitários Anônimos,39,Rosario Fusco,"Literatura brasileira, Romance","R$58,00"
"Acústica Musical em Palavras e Sons, A",40,Flo Menezes,"Ilustrado, Música","R$81,00"
Adeus Penderama e Outros Escritos,41,José Paulo Cavalcanti Filho,"Memória, Literatura brasileira","R$42,00"
Adoniran Barbosa - O Poeta da Cidade,42,Francisco Rocha,"Música, Memória, Ilustrado","R$53,00"
Adorável Criatura Frankenstein,43,Ademir Assunção,"Literatura brasileira, Romance","R$42,00"
"Afeto Autoritário, O - Televisão, Ética e Democracia",44,Renato Janine Ribeiro,"Comunicação, Sociologia e Sociedade, Cultura","R$42,00"
"Afinador de Passarinhos, O",45,Gil Perini,"Literatura brasileira, Contos","R$38,00"
Albert Camus - Um Elogio do Ensaio,46,Manuel da Costa Pinto,"Crítica literária, Literatura estrangeira","R$42,00"
Aldo Manuzio - Editor. Tipógrafo. Livreiro,47,Enric Satué,"Design, Tipografia, Artes gráficas, Ilustrado","R$68,00"
Alguma Crítica,48,João Alexandre Barbosa,"Crítica literária, Literatura","R$55,00"
Almanaque Tipográfico Brasileiro,49,Carlos M. Horcades,"Design, Tipografia, Almanaque, Artes gráficas, Ilustrado","R$67,00"
Alongamento,50,Sérgio Medeiros,"Literatura brasileira, Poesia","R$51,00"
"Altar & o Trono, O - Dinâmica do Poder em O Alienista",51,Ivan Teixeira,"Literatura brasileira, Crítica literária","R$106,00"
Amaro Macedo - O Solitário do Cerrado,52,"Gil Felippe, Maria do Carmo Duarte Macedo","Memória, Biografia, Botânica, Ilustrado","R$39,00"
Amers / Marcas Marinhas,53,"Saint-John Perse, Mauro Gama","Poesia, Literatura estrangeira, Bilíngue","R$86,00"
Ancora Medicinal para Conservar a Vida com Saúde,54,Francisco da Fonseca Henriquez,"Gastronomia, Culinária, Medicina e Saúde","R$92,00"
Andaimes,55,Milton Torres,"Literatura brasileira, Poesia","R$58,00"
"Anfiteatro, O - Textos sobre Medicina",56,Pedro Nava,"Memória, Medicina e Saúde, Ilustrado","R$40,00"
Angola e Moçambique - Experiência Colonial e Territórios Literários,57,Rita Chaves,"Crítica literária, Literatura africana","R$45,00"
Angu de Sangue - 3a. ed.,58,Marcelino Freire,"Contos, Ilustrado, Literatura brasileira","R$52,00"
Anima Mundi,59,Ricardo Pires de Souza,"Literatura brasileira, Poesia","R$79,00"
Animal de Silêncios,60,Jaime Labastida,"Poesia, Literatura estrangeira, Bilíngue","R$39,00"
"Anos de Exílio do Jovem Mallarmé, Os",61,Joaquim Brasil Fontes,"Crítica literária, Literatura estrangeira","R$42,00"
Antologia da Poesia Erótica Brasileira,62,Eliane Robert Moraes,"Ilustrado, Literatura brasileira, Poesia","R$92,00"
Antologia Fantástica da Literatura Antiga,63,Marcelo Castel Cid,"Cultura grega, Literatura, Literatura clássica","R$76,00"
Antologia Poética,64,Jorge Wanderley,"Literatura brasileira, Poesia","R$58,00"
Antologia Poética - 1987-2017,65,Marcelo Sandmann,Poesia,"R$39,90"
Ao Vires Isto - Gertrude Stein,66,"João Queiroz, Daniella Aguiar, Luci Collin","Teoria literária, Literatura, Crítica literária","R$44,90"
Apoteose de Schoenberg,67,Flo Menezes,"Música, Crítica musical","R$83,00"
Arabia Brasilica,68,Alberto Sismondini,"Crítica literária, Cultura árabe, Cultura islâmica, Teoria literária","R$45,00"
"Arca de Noésio, A",69,Gustavo Martins,"Literatura brasileira, Infantil, Ilustrado","R$19,00"
"Arquétipos Literários, Os",70,Eleazar M. Meletínski,"Teoria literária, Literatura","R$39,50"
"Arquétipos Literários, Os - 3a ed.",71,Eleazar M. Meletínski,"Crítica literária, Teoria literária","R$45,00"
Arquivos Literários,72,"Eneida Maria de Souza, Wander Melo Miranda","Literatura brasileira, Crítica literária","R$46,00"
"Arte da Automutilação, A",73,Felipe Lion,"Literatura brasileira, Poesia","R$47,00"
"Arte de Argumentar, A - Gerenciando Razão e Emoção",74,Antônio Suárez Abreu,"Comunicação, Argumentação, Escrita","R$49,00"
"Arte do Zajal, A - Estudo de Poética Árabe",75,Michel Sleiman,"Crítica literária, Poesia, Cultura árabe","R$54,00"
"Arte Invisível ou a Arte do Livro, A",76,Plinio Martins Filho,"Design, Tipografia, Livros sobre livros, Artes gráficas, Ilustrado","R$42,00"
"Arte, Dor - Inquietudes entre Estética e Psicanálise",77,João A. Frayze-Pereira,"Arte, Psicanálise e Psicologia, Ilustrado","R$98,00"
Artigas e Cascaldi - Arquitetura em Londrina,78,Juliana Suzuki,"Arquitetura, Ilustrado","R$71,00"
Até a Margem do Grande Rio,79,Edu Campos,"Literatura brasileira, Contos, Fotografia, Ilustrado","R$42,00"
"Ateneu, O",80,"Emília Amaral, Raul Pompeia","Literatura brasileira, Romance, Ilustrado","R$38,00"
Auto da Barca do Inferno,81,"Gil Vicente, Ivan Teixeira","Idade média, Cultura medieval, Literatura portuguesa, Literatura medieval, Teatro, Ilustrado","R$27,50"
"Bailadora Andaluza, A - A Explosão do Sagrado na Poesia de João Cabral",82,Waldecy Tenório,"Literatura brasileira, Crítica literária","R$43,00"
"Balada do Velho Marinheiro, A",83,"Alípio Correia de Franca Neto, Samuel Taylor Coleridge","Poesia, Literatura estrangeira, Bilíngue, Ilustrado, Tradução","R$76,00"
BaléRalé,84,Marcelino Freire,"Literatura brasileira, Contos","R$48,00"
Baldio - poemas (2009-2017),85,Rodrigo Madeira,Poesia,"R$44,90"
Balão Cativo,86,Pedro Nava,"Memória, Literatura brasileira","R$72,00"
"Banda das Velhas Virgens, A - 18 Anos de Bar em Bar",87,"Alexandre Cavalo, Ricardo dos Santos Gozzi","Música, Memória, Biografia, Ilustrado","R$39,80"
"Batalha dos Livros, A",88,Lincoln Secco,"Livros sobre livros, Política, História","R$46,00"
Beauty & Fashion,89,Mário Cafiero,"Arte, Ilustração e pintura, Humor","R$76,00"
Beira-Mar,90,Pedro Nava,"Memória, Literatura brasileira","R$78,00"
Bibliomania,91,"Lincoln Secco, Marisa Midori Deaecto","Livros sobre livros, Bibliofilia","R$59,00"
Biblioteca,92,Luís Milanesi,"Livros sobre livros, Biblioteconomia","R$33,00"
"Biblioteca Imaginária, A",93,João Alexandre Barbosa,"Crítica literária, Literatura","R$44,00"
"Bicho Urucutum, O",94,Pedro Nava,"Memória, Literatura brasileira, Ilustrado","R$43,00"
Bilhete Seco,95,Elisa Nazarian,"Literatura brasileira, Contos","R$48,00"
Bom Crioulo,96,"Salete de Almeida Cara, Adolfo Caminha","Literatura brasileira, Romance, Ilustrado","R$38,00"
Bovarismo e Romance - Madame Bovary e Lady Oracle,97,Andrea Saad Hossne,"Crítica literária, Literatura estrangeira","R$53,00"
Branco sobre Branco,98,Guilherme Zarvos,"Cultura, Ilustrado","R$55,00"
Brasil: Paisagens de Exceção - O Litoral e o Pantanal Mato-grossense: Patrimônios Básicos,99,Aziz Ab Sáber,"Geografia, Ecologia, Ilustrado","R$55,00"
Bucólicas,100,"Odorico Mendes, Virgílio","Poesia, Literatura estrangeira, Bilíngue, Literatura clássica, Tradução, Odorico Mendes","R$78,00"
"C@rtas Ácidas da Campanha de Lula de 1998, As",101,Bernardo Kucinski,"Memória, Política","R$38,00"
Cabo Verde - Literatura em Chão de Cultura,102,Simone Caputo Gomes,"Crítica literária, Literatura africana","R$62,00"
"Cadenciando-um-Ning - Um Samba, para o Outro",103,"Michael Palmer, Régis Bonvicino","Literatura brasileira, Poesia, Literatura estrangeira, Bilíngue","R$35,00"
Caderno de Literatura e Cultura Russa - Dostoiévski,104,Depto. Letras Orientais USP,"Crítica literária, Literatura estrangeira","R$97,00"
Cadernos 1 e 2,105,Pedro Nava,"Memória, Literatura brasileira, Ilustrado","R$30,00"
"Cadernos Anatômicos de Leonardo da Vinci, Os",106,Leonardo da Vinci,"Arte, Ilustração e pintura, Medicina e Anatomia","R$308,00"
Caligramas,107,Guillaume Apollinaire,"Poesia, Literatura estrangeira, Bilíngue","R$66,00"
Caligramas (2a ed.),108,"Álvaro Faleiros, Guillaume Apollinaire","Tradução, Poesia, Literatura estrangeira, Ilustrado, Bilíngue","R$68,00"
Cama de Campanha,109,Flávio Carvalho Ferraz,"Literatura brasileira, Poesia","R$42,00"
"Caminho do Encontro, A - Uma Leitura de Contos Novos",110,Ivone Daré Rabello,"Literatura brasileira, Crítica literária","R$53,00"
"Caminhos do Romance em Portugal - Camilo, Eça e o Folhetim Francês",111,Andréa Trench de Castro,"Crítica literária, Literatura portuguesa","R$52,00"
Cancioneiro,112,Francesco Petrarca,"Poesia, Literatura estrangeira, Bilíngue, Ilustrado","R$189,00"
Cantigas do Falso Alfonso el Sabio,113,Affonso Ávila,"Literatura brasileira, Poesia","R$45,00"
"Capa do Livro Brasileiro, A - 1820-1950",114,Ubiratan Machado,"Livros sobre livros, Ilustrado, Ilustração e pintura, Editoração, Design, Criação, Artes gráficas","R$320,00"
Capas de Santa Rosa,115,Luís Bueno,"Ilustrado, Biografia, Artes gráficas, Arte, Livros sobre livros, Design","R$132,00"
Capítulos da História da Medicina no Brasil,116,Pedro Nava,"Medicina e Saúde, História","R$52,00"
"Carne, A",117,Júlio Ribeiro,"Literatura brasileira, Romance, Ilustrado","R$37,00"
Cartas a Miranda,118,Quatremère de Quincy,"Arquitetura, Arte, História, Restauração","R$35,00"
Cartas a William Agel de Mello,119,"João Guimarães Rosa, William Agel de Mello","Memória, Literatura brasileira","R$39,60"
Cartas aos Amigos Caio Porfírio Carneiro e Fábio Lucas,120,João Antônio,Memória,"R$32,00"
Cartas de Fidelino de Figueiredo e de Segismundo Spina,121,Nuno Fidelino de Figueiredo,Memória,"R$33,00"
Cartilha - Martelo-Gabinete e Ferrografia,122,Virgílio Maia,"Literatura brasileira, Poesia, Ilustrado","R$33,00"
Casa de Pensão,123,"Marcelo Bulhões, Aluísio de Azevedo","Literatura brasileira, Romance, Ilustrado","R$43,00"
"Casa dos Seis Tostões, A",124,Paul Collins,Livros sobre livros,"R$67,00"
Casas Importadoras de Santos e seus Agentes,125,Carina Marcondes Ferreira Pedro,"História, Economia, Cultura","R$42,00"
Catecismo da Preservação de Monumentos,126,Max Dvorák,"Arquitetura, Restauração","R$41,00"
Céus Derretidos,127,"Teixeira Coelho, Jean-Claude Bernardet","Literatura brasileira, Romance","R$41,00"
"Cem Menores Contos Brasileiros do Século, Os",128,Marcelino Freire,"Literatura brasileira, Contos","R$35,00"
"Cem Menores Contos Brasileiros do Século, Os (5a. ed.)",129,Marcelino Freire,"Contos, Humor, Literatura brasileira","R$48,00"
Cena Absurdo,130,Pedro Marques,"Literatura, Poesia","R$67,00"
Cena Macaca,131,Zé Pedro,"Arte, Ilustração e pintura, Humor","R$65,00"
"Cena Muda, A",132,Miguel Angel Fernandez,"Literatura brasileira, Romance","R$46,00"
"Cenas da Infância - Kartolas, Kalungas e Katiras",133,Jonas Rosa,Poesia,"R$39,00"
Cenas em Jogo,134,Renato Tardivo,"Cinema, Crítica literária, Teoria literária, Psicanálise e Psicologia","R$33,00"
Cera das Almas,135,Pedro Nava,"Memória, Literatura brasileira","R$39,00"
Choro de Homem,136,Marcos Rodrigues,"Literatura brasileira, Contos, Ilustrado","R$39,00"
Cicatriz,137,Eduardo Guimarães,"Literatura, Poesia","R$65,00"
Ciclo das Chamas,138,Antônio Lázaro de Almeida Prado,"Literatura brasileira, Poesia","R$39,00"
Cidade de Atys,139,Marcelo Novaes,"Literatura brasileira, Romance","R$29,00"
"Cidade e as Serras, A",140,"Paulo Franchetti, Leila Guenther, Eça de Queirós","Romance, Literatura portuguesa, Ilustrado","R$38,00"
Cidadela Ardente,141,Thelma Guedes,"Ilustrado, Literatura brasileira, Contos","R$40,00"
Cinematografia,142,Paulo Lopes Lourenço,"Ilustrado, Poesia","R$44,90"
Cirandas,143,Bruno Palma,"Ilustrado, Poesia, Infantil","R$60,00"
Clarice Lispector - Uma Poética do Olhar,144,Regina Pontieri,"Literatura brasileira, Crítica literária","R$49,00"
Clepsidra,145,"Paulo Franchetti, Camilo Pessanha","Poesia, Literatura portuguesa, Ilustrado","R$33,00"
Clichês Brasileiros,146,Gustavo Piqueira,"Ilustrado, Design, Livros sobre livros, Ilustração e pintura, Tipografia, Artes gráficas","R$69,00"
Clusters,147,Pedro Marques,"Literatura brasileira, Poesia","R$33,00"
Cocanha - Várias Faces de uma Utopia,148,Hilário Franco Jr.,"Literatura medieval, Mitologia, História, Sociologia e Sociedade, Ilustrado, Cultura medieval","R$29,60"
Coisas do Diabo Contra,149,Eromar Bomfim,"Ilustrado, Literatura brasileira, Romance","R$44,00"
"Comédia e Seus Duplos, A: O Anfitrião de Plauto",150,Rodrigo Tadeu Gonçalves,"Crítica literária, Literatura clássica, Teatro","R$69,90"
Comentário Literal sobre os Três Primeiros Capítulos do Gênesis,151,Giovanni Jacopo Casanova,"Romance, Literatura estrangeira","R$32,00"
Comunicados Lacônicos,152,Antonio Lizárraga,"Literatura brasileira, Poesia","R$42,00"
Concerto Amazônico,153,Álvaro Cardoso Gomes,"Literatura brasileira, Romance","R$48,00"
Condillac Lúcido e Translúcido,154,Leon Kossovitch,Filosofia,"R$56,00"
Contos da Nova Cartilha - Primeiro Livro de Leitura,155,Liev Tolstói,"Literatura estrangeira, Contos, Infantil, Ilustrado, Tradução","R$53,00"
Contos da Nova Cartilha - Segundo Livro de Leitura - Vol. 1,156,Liev Tolstói,"Literatura estrangeira, Contos, Infantil, Ilustrado, Tradução","R$58,00"
Contos do Divã,157,Sylvia Loeb,"Literatura brasileira, Contos, Psicanálise e Psicologia","R$42,00"
Contracomunicação,158,Décio Pignatari,"Comunicação, Semiótica, Ilustrado","R$44,00"
"Conversações Noturnas & Outros Poemas, As",159,José Laurenio de Melo,"Literatura brasileira, Poesia","R$40,00"
Coração sem Alma,160,Xavier de Monte Pinho,"Memória, Literatura brasileira, Romance","R$20,00"
"Coração, Cabeça e Estômago",161,Camilo Castelo Branco,"Ilustrado, Literatura portuguesa","R$38,00"
"Coreografia do Desejo, A - Cem Anos de Ficção Brasileira",162,Maria Angélica G. Lopes,"Literatura brasileira, Crítica literária","R$45,00"
Cores de Rosa,163,Adélia Bezerra de Meneses,"Ilustrado, Literatura brasileira, Crítica literária, Semiótica, Psicanálise e Psicologia","R$60,00"
Corredores para Abutres,164,Regina Silveira,"Arte, Ilustração e pintura","R$31,00"
Corrupção (18 Contos),165,Rodrigo Penteado,"Literatura brasileira, Contos","R$44,00"
"Cortiço, O",166,"Paulo Franchetti, Leila Guenther, Aluísio de Azevedo","Literatura brasileira, Romance, Ilustrado","R$38,00"
Cozinheiro Nacional: Melhores Receitas Brasileiras e Europeias,167,Anônimo,"Gastronomia, Culinária, História, Ilustrado","R$98,00"
Crítica Dialética em Theodor Adorno,168,Jorge de Almeida,"Música, Filosofia, Estética, Crítica musical","R$48,00"
Crítica e Criação - Um Estudo da Kreisleriana Op. 16 de Robert Schumann,169,Mónica Vermes,"Música, Crítica musical","R$53,00"
"Crítica Literária Brasileira em Perspectiva, A",170,"Rogério Cordeiro, Andréa Sirihal Werkema, Claudia Campos Soares, Sérgio Alcides Pereira do Amaral","Literatura brasileira, Crítica literária, História","R$58,00"
Criação e Conflito,171,Celeste Ribeiro de Sousa,"Crítica literária, Literatura estrangeira","R$48,00"
Crônicas da Vida Boêmia,172,Aluízio Falcão,"Literatura brasileira, Crônicas","R$48,00"
Crônicas Efêmeras,173,João do Rio,"Memória, Literatura brasileira, Crônicas","R$45,00"
Cultura das Bordas - Edição. Comunicação. Leitura,174,Jerusa Pires Ferreira,"Comunicação, Semiótica, Sociologia e Sociedade, Cultura","R$40,00"
"Cultura Literária Medieval, A",175,Segismundo Spina,"Idade média, Crítica literária, Literatura medieval, Cultura medieval","R$35,00"
Da Argila à Nuvem,176,Yann Sordet,"Bibliofilia, Livros sobre livros, História, Artes gráficas","R$44,00"
"Dança de Shiva, A",177,Ricardo Pires de Souza,"Literatura brasileira, Poesia","R$27,00"
Dante - O Poeta do Absoluto,178,Hilário Franco Jr.,Biografia,"R$28,00"
Daquela Estrela à Outra,179,"Giuseppe Ungaretti, Lúcia Wataghin, Haroldo de Campos","Tradução, Poesia, Literatura estrangeira, Bilíngue","R$83,00"
De Olho na Morte e Antes,180,Fernando Fortes,"Literatura brasileira, Poesia","R$88,00"
De Orfeu e de Perséfone - Morte e Literatura,181,Lélia Parreira Duarte,"Crítica literária, Literatura","R$55,00"
De Voos e Ilhas - Literatura e Comunitarismos,182,Benjamin Abdala Jr.,"Literatura brasileira, Crítica literária, Literatura portuguesa, Literatura africana","R$56,00"
Debaixo do Sol,183,Eunice Arruda,"Literatura brasileira, Poesia","R$40,00"
"Descoberta do Frio, A",184,Oswaldo de Camargo,"Literatura brasileira, Romance","R$38,00"
Desconhecer,185,Ricardo Lima,"Literatura brasileira, Poesia, Ilustrado","R$44,00"
Desenho Mágico - Poesia e Política em Chico Buarque,186,Adélia Bezerra de Meneses,"Música, Poesia, Política, Ilustrado","R$65,00"
"Design como Ele É, O",187,"Chico Homem de Melo, Eliana Tróia","Livros sobre livros, Design, Tipografia, Artes gráficas, Ilustrado","R$28,00"
"Design da Escrita, O - Redigindo com Criatividade e Beleza, Inclusive Ficção",188,Antônio Suárez Abreu,"Design, Comunicação, Literatura, Criação, Escrita","R$45,00"
"Design do Livro, O",189,Richard Hendel,"Design, Tipografia, Editoração, Livros sobre livros, Artes gráficas, Ilustrado","R$98,00"
Deste Lugar,190,Paulo Franchetti,"Literatura brasileira, Poesia","R$39,00"
"Deuses Chutam Lata na Consolação, Os",191,Gilson Rampazzo,"Literatura brasileira, Romance","R$38,00"
Devagar,192,Diva Gomes,"Literatura brasileira, Poesia","R$29,50"
Dez Mitos sobre os Judeus,193,Maria Luiza Tucci Carneiro,"Mitologia, História, Judaísmo, Ilustrado","R$50,00"
Dez Mitos sobre os Judeus - 2a. ed.,194,Maria Luiza Tucci Carneiro,"História, Ilustrado, Judaísmo, Mitologia","R$50,00"
Diana Caçadora & Tango Fantasma,195,Márcia Denser,"Literatura brasileira, Contos","R$45,00"
Dias Melhores... Pra Sempre!,196,"Cyro Leão, Luiz Chinan, Jadyr Pavão Jr.","Poesia, Literatura portuguesa, Ilustrado","R$33,00"
Dicionário Brasileiro de Insultos,197,Altair J. Aranha,"Humor, Dicionário","R$47,00"
"Diálogos Literários - Literatura, Comparativismo e Ensino",198,Agnaldo Rodrigues da Silva,"Crítica literária, Literatura","R$54,00"
Diálogos sobre a Tecnologia do Cinema Brasileiro,199,Paulo B. C. Schettino,"Memória, Cinema, Entrevistas","R$61,00"
"Diderot - O Espírito das ""Luzes""",200,Jacó Guinsburg,Biografia,"R$28,00"
Dissipatio H.G. - O Fim do Gênero Humano,201,Guido Morselli,"Tradução, Romance, Literatura estrangeira","R$45,00"
Distopia,202,Hélio Franchini Neto,"Literatura brasileira, Romance","R$38,00"
Divina Comédia,203,"Dante Alighieri, João Trentino Ziller","Arte, Ilustração e pintura, Poesia, Literatura estrangeira, Bilíngue, Literatura clássica, Tradução","R$280,00"
Do Formalismo Estético Trovadoresco,204,Segismundo Spina,"Idade média, Crítica literária, Literatura medieval, Estética, Cultura medieval","R$49,50"
Do Modernismo à Bossa Nova,205,Jomard Muniz de Britto,"Arte, Música, Cinema, Cultura","R$30,00"
Do Socialismo Soviético ao Capitalismo Russo,206,Lenina Pomeranz,"História, Política","R$63,00"
Dom Casmurro,207,"Leila Guenther, Paulo Franchetti, Machado de Assis","Literatura brasileira, Romance, Ilustrado","R$41,00"
"Domínios de Natureza no Brasil, Os - Potencialidades Paisagísticas",208,Aziz Ab Sáber,"Geografia, Ecologia, Ilustrado","R$52,00"
Drummond - Da Rosa do Povo à Rosa das Trevas,209,Vagner Camilo,"Literatura brasileira, Crítica literária","R$75,00"
Duplo Canto e Outros Poemas,210,François Cheng,"Poesia, Literatura estrangeira, Bilíngue, Tradução","R$92,00"
E Fizerom Taes Maravilhas... - Histórias de Cavaleiros e Cavalarias,211,Lênia Márcia Mongelli,"Crítica literária, Literatura medieval, História, Idade média, Cultura medieval","R$85,00"
Eça de Queirós / Julio Pomar,212,"Eça de Queirós, Julio Pomar","Literatura portuguesa, Crônicas, Ilustrado","R$19,00"
"Economia da Cultura, A",213,Françoise Benhamou,"Tradução, Economia, Cultura","R$45,00"
Edgar Allan Poe - Um Homem em sua Sombra,214,Ricardo Araújo,"Crítica literária, Literatura estrangeira, Biografia","R$43,00"
Edição e Revolução: Leituras Comunistas no Brasil e na França,215,"Marisa Midori Deaecto, Jean-Yves Mollier","História, Livros sobre livros, Ilustrado","R$78,00"
Edifícios Comerciais - Felipe Bezerra,216,Fernando Serapião,"Arquitetura, Ilustrado","R$25,00"
Edifícios Escolares - Miguel Juliano,217,Cristiane Corrêa,"Arquitetura, Ilustrado","R$23,00"
Educação & Psicologia - Cinquenta Anos de Profissão,218,Geraldina Porto Witter,"Memória, Ilustrado","R$64,00"
Educação Sentimental em Proust,219,Philippe Willemart,Crítica literária,"R$48,00"
Edusp: Um Projeto Editorial,220,"Marcello Rollemberg, Plinio Martins Filho","Editoração, Ilustrado","R$99,80"
Égloga da Maçã,221,Affonso Ávila,"Literatura brasileira, Poesia, Ilustrado","R$48,00"
Eis o Mundo de Fora,222,Adrienne Myrtes,"Literatura brasileira, Romance","R$39,00"
Electra de Eurípides,223,"Trupersa - Trupe de Tradução de Teatro Antigo, Eurípides","Tradução, Teatro, Bilíngue, Cultura grega, Literatura clássica","R$45,00"
Electra(s),224,Trajano Vieira,"Cultura grega, Teatro, Literatura clássica, Ilustrado","R$39,60"
Elementos de Semiótica Tensiva,225,"Ivã Carlos Lopes, Luiz Tatit, Claude Zilberberg","Comunicação, Semiótica, Linguística","R$52,00"
Elos de Melodia e Letra - Análise Semiótica de Seis Canções,226,"Luiz Tatit, Ivã Carlos Lopes","Música, Semiótica","R$48,00"
Em Louvor de Anti-Heróis,227,Victor Brombert,"Crítica literária, Literatura","R$56,00"
Em Nome do Corpo,228,Iacopo Pontormo,"Arte, Memória, Bilíngue, Ilustrado, Tradução","R$57,00"
Encontros e Des-encontros,229,Maria Teresa Hellmeister Fornaciari,"Literatura brasileira, Crônicas","R$27,00"
Encrenca,230,Manoel Carlos Karam,"Literatura brasileira, Romance","R$34,00"
Eneida,231,"Odorico Mendes, Virgílio","Poesia, Literatura estrangeira, Mitologia, Literatura clássica, Ilustrado, Odorico Mendes","R$86,00"
Ensaiando a Canção - Paulinho da Viola e Outros Escritos,232,Eliete Eça Negreiros,"Música, Crítica musical","R$40,00"
Ensino de Ciências e Matemática - Formação e Atuação de Professores,233,"Geraldina Porto Witter, Moacir Wuo",Educação e Pedagogia,"R$36,00"
Entreato Amoroso,234,Aercio Consolin,"Literatura brasileira, Romance","R$49,50"
Entreatos,235,"Marcelo Castel Cid, Gustavo Piqueira","Romance, Religião, Literatura brasileira","R$32,00"
Entrelivros,236,João Alexandre Barbosa,"Crítica literária, Literatura","R$42,00"
Entretanto n° 1 - Revista de Literatura,237,"Marcelino Freire, Delmo Montenegro, Fabiano Calixto, Micheliny Verunschk, Raimundo Carrero","Crítica literária, Poesia, Contos, Crônicas, Literatura, Ilustrado","R$25,00"
Entrevistas de Domingo,238,O Diário de Mogi,"Memória, Jornalismo","R$150,00"
Epigramas,239,"Marco Valério Marcial, Rodrigo Garcia Lopes","Poesia, Tradução, Literatura clássica, Humor, Bilíngue","R$82,00"
Epigramas 2. ed.,240,"Marco Valério Marcial, Rodrigo Garcia Lopes, Gustavo Piqueira","Bilíngue, Humor, Literatura clássica, Poesia, Tradução","R$45,00"
Era no Tempo do Rei - Atualidade das Memórias de um Sargento de Milícias,241,Edu Teruki Otsuka,"Crítica literária, Literatura, Teoria literária","R$53,00"
EraOdito,242,Marcelino Freire,"Humor, Literatura brasileira, Ilustrado","R$48,00"
Escola de Semiótica - A Experiência de Tártu-Moscou para o Estudo da Crítica,243,Irene Machado,Semiótica,"R$38,00"
"Escrita de Deus, A",244,Wilson Roberto Theodoro Filho,"Literatura brasileira, Contos","R$40,00"
Escritas do Desejo - Crítica Literária e Psicanálise,245,"Cleusa Rios P. Passos, Yudith Rosenbaum","Crítica literária, Psicanálise e Psicologia","R$38,00"
Escrito sobre Jade - Poesia Clássica Chinesa,246,Haroldo de Campos,"Poesia, Literatura estrangeira, Bilíngue, Ilustrado","R$47,00"
"Escritores, Gatos e Teologia",247,Waldecy Tenório,"Literatura brasileira, Crítica literária, Religião","R$45,00"
Escritura e Nomadismo,248,Paul Zumthor,"Arte, Estética","R$39,50"
Esplendor do Barroco Luso-brasileiro,249,Benedito Lima de Toledo,"Ilustrado, Arte, Arquitetura","R$109,00"
"Espuma do Fogo, A",250,Carlos Nejar,"Literatura brasileira, Poesia","R$30,00"
Espumas Flutuantes,251,"José de Paula Ramos Jr., Castro Alves","Literatura brasileira, Poesia, Ilustrado","R$37,00"
Estados da Crítica,252,Alcides Cardoso dos Santos,"Crítica literária, Literatura","R$44,00"
Estandartes das Tribos de Israel,253,"Virgílio Maia, Socorro Torquato","Arte, Poesia, Ilustrado","R$38,00"
Estimar Canções,254,Luiz Tatit,"Arte, Música, Semiótica","R$38,00"
Estrelas Errantes - Memória do Teatro Ídiche no Brasil,255,Nachman Falbel,"Ilustrado, Memória, História, Teatro","R$140,00"
"Estudos Comparados - Teoria, Crítica e Metodologia",256,Benjamin Abdala Jr.,"Literatura brasileira, Crítica literária","R$68,00"
Estudos de Literatura Brasileira e Portuguesa,257,Paulo Franchetti,"Literatura brasileira, Crítica literária, Literatura portuguesa","R$63,00"
Estudos sobre Vieira,258,"João Adolfo Hansen, Hélder Garmes, Adma Muhana",Crítica literária,"R$43,00"
Ética e Educação,259,Nílson José Machado,"Educação e Pedagogia, Cidadania","R$34,00"
Euclides da Cunha: Uma Odisseia nos Trópicos,260,Frederic Amory,"Crítica literária, Biografia, Ilustrado","R$98,00"
Eugênio Montale - Criatividade Poética e Psicanálise,261,Marisa Pelella Mélega,"Crítica literária, Poesia, Literatura estrangeira, Psicanálise e Psicologia","R$37,00"
Eugênio Onêguin - Volume 1,262,"Aleksandr Púchkin, Elena Vássina, Alípio Correia de Franca Neto","Bilíngue, Ilustrado, Romance, Literatura estrangeira, Tradução, Poesia","R$78,00"
Ex-Libris,263,Plinio Martins Filho,"Editoração, História, Heráldica, Artes gráficas, Ilustrado","R$79,00"
Exílio - As Histórias da Grande Peste,264,Samuel Reibscheid,"Literatura brasileira, Contos","R$43,00"
Extravio Marinho,265,Simone Homem de Mello,"Literatura brasileira, Poesia","R$47,00"
Fala D. João,266,Hélio Cabral,"Poesia, Ilustrado, Arte","R$42,00"
"Falo no Jardim - Priapeia Grega, Priapeia Latina",267,João Ângelo Oliva Neto,"Poesia, Literatura estrangeira, Mitologia, Bilíngue, Literatura clássica, Ilustrado","R$99,50"
Farsa de Inês Pereira,268,"Carlos Cortez Minchillo, Izeti Fragata Torralvo, Gil Vicente","Idade média, Cultura medieval, Literatura portuguesa, Literatura medieval, Teatro, Ilustrado","R$28,50"
Fascinação,269,"Flavio de Souza, Luci Collin","Literatura, Ilustrado, Literatura brasileira, Romance","R$49,90"
Fábulas para o Ano 2000,270,"Gustavo Martins, Rodrigo Lacerda","Literatura brasileira, Contos, Infantil, Ilustrado","R$32,00"
Feito Eu,271,Elisa Nazarian,"Literatura brasileira, Poesia","R$35,00"
Fetichismos Visuais - Corpos Erópticos e Metrópole Comunicacional,272,Massimo Canevacci,"Comunicação, Ilustrado","R$62,00"
"Ficção da Escrita, A",273,Cláudia Amigo Pino,"Crítica literária, Literatura, Criação","R$48,00"
Figurações do Oitocentos,274,Paulo Motta Oliveira,"Crítica literária, História, Teatro, Cultura, Estética","R$56,00"
Figuras do Feminino na Canção de Chico Buarque,275,Adélia Bezerra de Meneses,"Música, Poesia, Ilustrado","R$78,00"
"Filho do Crucificado, O",276,Nelson de Oliveira,"Literatura brasileira, Contos","R$42,00"
Filosofando com o Miró,277,Eduardo Etzel,"Memória, Literatura brasileira","R$45,00"
"Fluxo Silencioso das Máquinas, O",278,Bruno Zeni,"Literatura brasileira, Contos","R$38,00"
Fogos de Artifício: Flaubert e a Escritura,279,Verónica Galíndez-Jorge,"Crítica literária, Literatura estrangeira","R$42,00"
Fúria Azul - Antielegias,280,Carlos Nejar,"Literatura brasileira, Poesia","R$48,00"
"Forma do Livro, A - Ensaios sobre Tipografia e Estética do Livro",281,Jan Tschichold,"Design, Tipografia, Editoração, Livros sobre livros, Artes gráficas, Ilustrado","R$93,00"
Fotografia & História,282,Boris Kossoy,"Memória, História, Fotografia, Ilustrado","R$52,00"
Fragmentos do Narciso e Outros Poemas,283,"Paul Valéry, Júlio Castañon Guimarães","Poesia, Literatura estrangeira, Bilíngue, Tradução","R$53,00"
Fragmentos do Sol Chuvoso,284,Lauro Henriques Jr.,"Literatura brasileira, Poesia","R$43,00"
"Franceses, Mais um Esforço se Quiserdes Ser Republicanos",285,Marquês de Sade,"Literatura estrangeira, Política, Sociologia e Sociedade","R$17,00"
Franklin Távora e o seu Tempo,286,Cláudio Aguiar,Biografia,"R$40,00"
Frei Galvão - Arquiteto,287,Benedito Lima de Toledo,"Memória, Arquitetura, Patrimônio Histórico, Ilustrado","R$40,00"
Freud - A Conquista do Proibido,288,Renato Mezan,Biografia,"R$30,00"
"Fronteiras Culturais - Brasil, Uruguai, Argentina",289,Maria Helena Martins,"Sociologia e Sociedade, Economia, Cultura","R$48,00"
Gérard de Nerval: A Escrita em Trânsito,290,Marta Kawano,"Crítica literária, Literatura estrangeira","R$45,00"
Gérard de Nerval: Cinquenta Poemas,291,"Mauro Gama, Gérard de Nerval","Poesia, Literatura estrangeira, Bilíngue, Tradução","R$60,00"
Geórgicas,292,"Virgílio, Paulo Sergio de Vasconcellos, Odorico Mendes","Poesia, Bilíngue, Tradução, Odorico Mendes, Literatura clássica","R$98,00"
Gentíssima,293,Maria Ignez Corrêa da Costa Barbosa,"Memória, Entrevistas","R$52,00"
Geometrias de Cosmos,294,Rodrigo Suzuki Cintra,"Literatura, Poesia","R$49,50"
Geomorfologia do Sítio Urbano de São Paulo,295,Aziz Ab Sáber,"Geografia, Urbanismo, Ilustrado","R$47,00"
"Gil Vicente - O Velho da Horta, Auto da Barca do Inferno, Farsa de Inês Pereira (40a ed.)",296,Segismundo Spina,"Teatro, Literatura portuguesa, Literatura medieval, Ilustrado, Idade média, Cultura medieval","R$35,00"
Girassol Voltado para a Terra,297,Renato Tardivo,"Literatura brasileira, Contos, Ilustrado","R$44,00"
Goethe e Hackert - Sobre a Pintura de Paisagem,298,Claudia Valladão de Mattos,"Arte, Ilustração e pintura","R$35,00"
Gramática Integral da Língua Portuguesa,299,Antônio Suárez Abreu,"Comunicação, Escrita, Linguística","R$93,00"
"Grito de Jorge Andrade, O - A Experiência de um Autor na Telenovela Brasileira dos Anos 1970",300,Sabina Reggiani Anzuategui,"Cultura, Televisão","R$42,00"
"Guarani, O",301,"Eduardo Vieira Martins, José de Alencar","Literatura brasileira, Romance, Ilustrado","R$44,00"
"Guimarães Rosa - Fronteiras, Margens, Passagens",302,Marli Fantini Scarpelli,"Literatura brasileira, Crítica literária","R$65,00"
Gustavo Giovannoni - Textos Escolhidos,303,Beatriz Mugayar Kühl,"Arquitetura, Restauração","R$45,00"
Hannah Arendt & Karl Marx - O Mundo do Trabalho,304,Eugenia Sales Wagner,"Política, Sociologia e Sociedade, Economia","R$49,00"
Hannah Arendt - Ética e Política,305,Eugenia Sales Wagner,"Política, Sociologia e Sociedade","R$65,00"
"Hino Homérico a Apolo, O",306,Luiz Alberto Machado Cabral,"Crítica literária, Poesia, Mitologia, Bilíngue, Ilustrado","R$72,00"
Hipóteses de Amor,307,Annalisa Cima,"Poesia, Literatura estrangeira, Bilíngue, Ilustrado, Tradução","R$76,00"
História da Língua Portuguesa,308,-,"Paleografia, História, Literatura, Linguística","R$98,00"
"História das Aventuras de Joseph Andrews e seu Amigo o Senhor Abraham Adams, A",309,Henry Fielding,"Romance, Literatura estrangeira, Ilustrado, Tradução","R$105,00"
História do PT,310,Lincoln Secco,"Ilustrado, Política, História, Sociologia e Sociedade","R$49,00"
Histórias de Banheiro,311,Dirce de Assis Cavalcanti,"Literatura brasileira, Contos","R$43,00"
Histórias em Imagens e Versos - Wilhelm Busch,312,"Guilherme de Almeida, Wilhelm Busch, Simone Homem de Mello","Tradução, Arte, Artes gráficas, Bilíngue, Humor, Ilustração e pintura, Ilustrado, Infantil","R$82,00"
Hong Kong & Outros Poemas,313,Antônio Moura,"Literatura brasileira, Poesia","R$26,00"
"Horizonte da Minha Pele, O",314,Emilio Bejel,"Romance, Literatura estrangeira, Biografia","R$51,00"
Ícaro,315,Gabriel Pedrosa,"Literatura brasileira, Poesia, Ilustrado","R$26,00"
"Idade da Aurora, A",316,Carlos Nejar,"Literatura brasileira, Poesia","R$75,00"
"Idade da Noite, A",317,Carlos Nejar,"Literatura brasileira, Poesia","R$79,00"
"Idade Média no Cinema, A",318,"José Rivair Macedo, Lênia Márcia Mongelli","História, Cinema, Idade média, Cultura medieval","R$45,00"
Idiotas & Demagogos - Pequeno Manual de Instruções da Democracia,319,Almyr Gajardoni,"Política, Sociologia e Sociedade","R$43,00"
Ilíada,320,"Odorico Mendes, Homero","Poesia, Literatura estrangeira, Mitologia, Literatura clássica, Ilustrado, Tradução, Odorico Mendes","R$120,00"
Ilhas Brasil,321,Carlos Vogt,"Literatura brasileira, Poesia","R$43,00"
"Ilustre Casa de Ramires, A",322,"Marise Hansen, Eça de Queirós","Romance, Literatura portuguesa, Ilustrado","R$43,50"
"Imagem Fria, A",323,Tales Ab'Sáber,"Cinema, Cultura","R$45,00"
Imagens do Poder em Sêneca,324,Marilena Vizentin,"Política, Sociologia e Sociedade, Economia","R$52,00"
Imigrantes Judeus do Oriente Médio - São Paulo e Rio de Janeiro,325,Rachel Mizrahi,"História, Judaísmo, Ilustrado","R$120,00"
"Imigrantes, Mascates e Doutores",326,Meir Kucinski,"Literatura brasileira, Contos, Judaísmo, Tradução","R$54,00"
"Imprensa Confiscada pelo DEOPS - 1924-1954, A",327,"Maria Luiza Tucci Carneiro, Boris Kossoy","Livros sobre livros, Política, Memória, História, Censura, Jornalismo, Ilustrado","R$116,00"
Índia - Além do Olhar,328,Marleine Paula Marcondes e Ferreira de Toledo,"Memória, Religião","R$35,00"
"Índios na Constituição, Os",329,"Camila Loureiro Dias, Artionka Capiberibe","Direito, Cidadania, História, Ilustrado, Sociologia e Sociedade, Política, Jornalismo, Ecologia","R$30,00"
Informação. Linguagem. Comunicação,330,Décio Pignatari,"Comunicação, Semiótica, Ilustrado","R$38,00"
Iniciação Boêmia & Textos Correlatos,331,"Nuno Fidelino de Figueiredo, Fidelino de Figueiredo","Memória, Crítica literária, História","R$41,00"
Inocência,332,"José de Paula Ramos Jr., Visconde de Taunay, Jefferson Cano","Ilustrado, Literatura brasileira, Romance","R$38,00"
Insólita Metrópole: São Paulo nas Crônicas de Paulo Bomfim,333,Ana Luiza Martins,"Literatura brasileira, Crônicas, História","R$84,00"
"Insubmissão e Outros Escritos, A",334,Liev Tolstói,"Literatura estrangeira, Política, Sociologia e Sociedade, Tradução","R$16,00"
"Intelecto em Ibn Sina (Avicena), O",335,Miguel Attie Filho,"Filosofia, Cultura árabe","R$56,00"
Interior Via Satélite,336,Marcos Siscar,"Literatura brasileira, Poesia, Ilustrado","R$52,00"
Interpretações: Crítica Literária e Psicanálise,337,"Cleusa Rios P. Passos, Yudith Rosenbaum","Crítica literária, Psicanálise e Psicologia","R$48,00"
"Intervalo Semântico, O",338,Carlos Vogt,"Semântica, Argumentação, Linguística","R$52,00"
"Intransitivos, Os",339,Cacá Moreira de Souza,"Literatura brasileira, Contos","R$53,00"
Introdução ao Estudo de Fernando Pessoa,340,Fernando Cabral Martins,"Crítica literária, História, Literatura portuguesa, Poesia","R$52,00"
Inula Niúla,341,Michel Sleiman,"Literatura brasileira, Poesia","R$43,00"
Iracema - Lenda do Ceará,342,"Leila Guenther, Paulo Franchetti, José de Alencar","Literatura brasileira, Romance, Ilustrado","R$38,00"
"Irrecusável Busca de Sentido, A",343,Scarlett Marton,"Filosofia, Biografia, Memória","R$52,00"
Jacques Derrida - Entreatos de Leitura e Literatura-,344,"Roberto Said, Luiz Fernando Ferreira Sá","Crítica literária, Literatura estrangeira, Filosofia","R$51,00"
Jogo de Palavras,345,Jacó Guinsburg,Poesia,"R$58,00"
Jogo de Ronda,346,Orlando Arruda,"Literatura brasileira, Contos","R$43,00"
"Jornada e a Clausura, A",347,Raquel de Almeida Prado,"Crítica literária, Literatura estrangeira","R$52,00"
Joyce Era Louco?,348,Donaldo Schüler,"Crítica literária, Psicanálise e Psicologia","R$50,00"
João Guimarães Rosa e a Saudade,349,Susana Lages,"Literatura brasileira, Crítica literária","R$42,00"
Judeus e Judaísmo na Obra de Lasar Segall,350,"Maria Luiza Tucci Carneiro, Celso Lafer","Arte, Ilustração e pintura, Sociologia e Sociedade, Judaísmo","R$120,00"
"Kafka/Foucault, sem Medos",351,Edson Passetti,"Crítica literária, Psicanálise e Psicologia, Filosofia","R$38,00"
Kalevala - Poema Primeiro,352,Elias Lönnrot,"Tradução, Mitologia, Poesia, Literatura estrangeira, Bilíngue","R$37,50"
Konstantinos Kaváfis - 60 Poemas,353,"Trajano Vieira, Konstantinos Kaváfis","Poesia, Literatura estrangeira, Bilíngue, Tradução","R$39,00"
L'azur Blasé ou Ensaio do Fracasso sobre o Humor,354,Guilherme Gontijo Flores,Poesia,"R$44,90"
Lacraus,355,Miguel Jorge,"Literatura brasileira, Contos","R$51,00"
"Laetitia, sp",356,Gabriel Pedrosa,"Literatura brasileira, Poesia, Ilustrado","R$36,00"
Lei n. 12.343 de 2 de Dezembro de 2010,357,-,"Política, Economia, Cultura","R$38,00"
"Leitor Segundo G.H., O - Uma Análise do Romance A Paixão Segundo G.H. de Clarice Lispector",358,Emília Amaral,"Literatura brasileira, Crítica literária","R$48,00"
Leituras Desarquivadas,359,João Alexandre Barbosa,"Crítica literária, Literatura","R$56,00"
Leituras Imediatas,360,Jerusa Pires Ferreira,"Comunicação, Cordel, Crítica literária, Ilustrado, Literatura brasileira","R$33,00"
Leituras Indispensáveis,361,Aziz Ab Sáber,"Ecologia, Sociologia e Sociedade, Educação e Pedagogia, Cidadania","R$21,00"
Leituras Indispensáveis 2,362,Aziz Ab Sáber,"Educação e Pedagogia, Ecologia, Sociologia e Sociedade, Cidadania","R$23,00"
Lembranças de Esquecer,363,Camilo Guimarães,"Literatura brasileira, Poesia","R$29,80"
Leniza & Elis,364,"Ariovaldo José Vidal, Joaquim Alves de Aguiar","Crítica literária, Biografia","R$44,00"
Leopardo dos Olhos de Fogo,365,Carlos Eugênio Marcondes de Moura,"Ilustrado, Sociologia e Sociedade, Religião, Cultura","R$52,00"
Letras e Memória - Uma Breve História da Escrita,366,Adovaldo Fernandes Sampaio,"Livros sobre livros, Memória, História, Linguística, Escrita, Ilustrado","R$98,00"
"Leão, o Africano",367,Murilo Sebe Bon Meihy,"Cultura árabe, Cultura islâmica, História, Ilustrado","R$51,00"
Lições de Taxidermia,368,Fernando Antônio Dusi Rocha,"Literatura brasileira, Poesia","R$45,00"
Lições do Acaso,369,Luis Carlos de Menezes,"Literatura brasileira, Poesia","R$45,00"
"Lição Aproveitada, A - Modernismo e Cinema em Mário de Andrade",370,João Manuel dos Santos Cunha,"Arte, Crítica literária, Cinema","R$48,00"
Liberalismo e Natureza - A Propriedade em John Locke,371,Rodrigo Suzuki Cintra,"Economia, Filosofia, Direito","R$45,00"
Linguística Cognitiva - Uma Visão Geral e Aplicada,372,Antônio Suárez Abreu,"Comunicação, Semiótica, Linguística, Cognição","R$43,00"
Lira dos Vinte Anos,373,"Álvares de Azevedo, José Emílio Major Neto","Literatura brasileira, Poesia, Ilustrado","R$43,00"
Literatulogia,374,Janilto Andrade,"Teoria literária, Literatura","R$26,00"
"Literatura Comparada e Relações Comunitárias, Hoje",375,Benjamin Abdala Jr.,"Política, Literatura","R$50,00"
Literatura e Memória Política - Angola. Brasil. Moçambique. Portugal,376,"Benjamin Abdala Jr., Rejane Vecchia Rocha e Silva","Crítica literária, Literatura portuguesa, Política","R$52,00"
Literatura Grega: Irradiações,377,Donaldo Schüler,"História, Cultura grega, Literatura clássica, Filosofia","R$57,00"
"Literatura Portuguesa, A: Visões e Revisões",378,"Annie Gisele Fernandes, Francisco Maciel Silveira","Crítica literária, Literatura portuguesa","R$38,00"
"Literatura, História e Política (3a. ed.)",379,Benjamin Abdala Jr.,"Crítica literária, História, Literatura, Política","R$65,00"
Livro - Revista do NELE,380,NELE - Núcleo de Estudos do Livro e da Edição/USP,"Editoração, Livros sobre livros, Bibliofilia, Artes gráficas","R$33,00"
Livro 7/8 - revista do NELE,381,NELE - Núcleo de Estudos do Livro e da Edição/USP,"Artes gráficas, Bibliofilia, Editoração, Ilustrado, Livros sobre livros","R$88,00"
Livro e Liberdade,382,Luciano Canfora,"Editoração, Livros sobre livros, Cultura","R$31,00"
Livro n. 6 - Revista do NELE,383,NELE - Núcleo de Estudos do Livro e da Edição/USP,"Artes gráficas, Editoração, Ilustrado, Livrarias, Livros sobre livros","R$88,00"
Livro n.3 - Revista do NELE,384,NELE - Núcleo de Estudos do Livro e da Edição/USP,"Editoração, Livros sobre livros, Bibliofilia, Artes gráficas","R$53,00"
Livro n.4 - Revista do NELE,385,NELE - Núcleo de Estudos do Livro e da Edição/USP,"Editoração, Livros sobre livros, Bibliofilia, Artes gráficas","R$55,00"
Livro n.5 - Revista do NELE,386,NELE - Núcleo de Estudos do Livro e da Edição/USP,"Artes gráficas, Bibliofilia, Editoração, Livros sobre livros","R$77,00"
"Livro no Jornal, O",387,Isabel Travancas,"Editoração, Jornalismo, Livros sobre livros, Ilustrado","R$42,00"
"Livro,",388,Michel Melot,"Editoração, Livros sobre livros","R$99,00"
Livros e Leituras na Espanha do Século de Ouro,389,Antonio Castillo Gómez,"Editoração, História, Livros sobre livros","R$49,00"
Livros e Subversão - Seis Estudos,390,Sandra Reimão,"Livros sobre livros, História, Comunicação, Política","R$52,00"
"Livros Proibidos, Ideias Malditas",391,Maria Luiza Tucci Carneiro,"Política, Ilustrado, História, Censura, Livros sobre livros","R$57,00"
"Livros, Editoras & Projetos",392,"Jerusa Pires Ferreira, Jacó Guinsburg, Plinio Martins Filho, Maria Otilia Bocchini","Livros sobre livros, Editoração","R$30,00"
Lodo,393,Luis Dolhnikoff,"Literatura brasileira, Poesia","R$62,00"
Lâmina do Tempo,394,Moacyr Godoy Moreira,"Literatura brasileira, Contos","R$37,50"
"Lâmpada da Memória, A",395,John Ruskin,"Arquitetura, Restauração","R$38,00"
Luci Collin - Antologia Poética (1984-2018),396,Luci Collin,Poesia,"R$39,90"
"Lugar, Tempo, Olhar - Arte Brasileira na França Românica",397,Anne Louyot,"Arte, Ilustração e pintura, Arquitetura, Bilíngue","R$75,00"
"Lusíadas, Os - Episódios",398,"Luís de Camões, Ivan Teixeira","Poesia, Literatura portuguesa, Ilustrado","R$39,00"
Machado e Rosa - Leituras Críticas,399,Marli Fantini Scarpelli,"Literatura brasileira, Crítica literária","R$85,00"
Macunaíma,400,Mário de Andrade,"Arte, Ilustrado, Literatura brasileira, Artes gráficas, Romance, Literatura","R$310,00"
"Maias, Os",401,Eça de Queirós,"Romance, Literatura portuguesa","R$83,00"
"Malavoglia, Os",402,Giovanni Verga,"Tradução, Romance, Literatura estrangeira","R$53,00"
"Males do Tabaco e Outras Peças em um Ato, Os",403,Anton Tchékhov,"Literatura estrangeira, Teatro, Tradução","R$34,00"
"Males do Tabaco, Os (3a. ed.)",404,Anton Tchékhov,"Humor, Literatura clássica, Literatura estrangeira, Teatro, Tradução","R$39,00"
"Malhas da Cultura 1, As",405,José Guilherme Pereira Leite,"Política, Economia, Cultura","R$43,00"
"Malhas da Cultura 2, As",406,José Guilherme Pereira Leite,"Política, Economia, Cultura","R$45,00"
"Manuais de Desenho da Escrita, Os",407,Maria Helena Werneck Bomeny,"Livros sobre livros, Design, Tipografia, Ilustrado","R$210,00"
Manual de Versificação Românica Medieval,408,Segismundo Spina,"Idade média, Crítica literária, Poesia, Literatura medieval","R$41,00"
Manual do Estilo Desconfiado,409,Fernando Paixão,"Teoria literária, Literatura brasileira, Crítica literária, Escrita","R$36,00"
Manuel Bandeira e a Música - com Três Poemas Visitados,410,Pedro Marques,"Música, Literatura brasileira, Crítica literária","R$42,00"
"Marca do Leviatã, A - Linguagem e Poder em Hobbes",411,Renato Janine Ribeiro,"Política, Filosofia","R$42,00"
Mariannita Luzzati,412,Gabriel Pérez Barreiro,"Arte, Ilustração e pintura","R$41,00"
"Marx, Zola e a Prosa Realista",413,Salete de Almeida Cara,"Crítica literária, Literatura estrangeira, Sociologia e Sociedade","R$46,00"
"MASSAO OHNO, Editor",414,"Massao Ohno, Jose Armando Pereira da Silva","Design, História, Editoração, Biografia, Ilustrado, Livros sobre livros, Artes gráficas","R$180,00"
"Matéria Lítica: Drummond, Cabral, Neruda e Paz",415,Mario Higa,"Poesia, Literatura, Crítica literária","R$52,00"
Matinas & Bagatelas,416,Maria do Carmo Campos,"Literatura brasileira, Poesia","R$49,00"
Matrizes Impressas do Oral: Conto Russo no Sertão,417,Jerusa Pires Ferreira,"Ilustrado, Livros sobre livros, Teoria literária, História, Literatura, Cordel","R$68,00"
Matzá com Moussaká - Histórias de Judeus e Gregos,418,Táki Athanássios Cordás,"Memória, História, Judaísmo, Cultura grega, Ilustrado","R$52,00"
"Máquina do Mundo Repensada, A",419,Haroldo de Campos,"Literatura brasileira, Poesia, Ilustrado","R$83,00"
"Máquina Peluda, A",420,Ademir Assunção,"Literatura brasileira, Contos","R$42,00"
"Mário, Otávio - Cartas de Mário de Andrade a Otávio Dias Leite",421,Marcos Antonio de Moraes,"Memória, Cultura","R$42,00"
Medeia,422,"Trupersa - Trupe de Tradução de Teatro Antigo, Eurípides","Literatura clássica, Teatro, Bilíngue, Cultura grega, Tradução","R$42,00"
"Medicina de Os Lusíadas, A",423,Pedro Nava,"Crítica literária, Medicina e Saúde, Literatura portuguesa","R$32,00"
Meio Mundo,424,Álvaro Faleiros,"Literatura brasileira, Poesia, Ilustrado","R$28,00"
"Melancolias, Mercadorias: Dorival Caymmi, Chico Buarque, o Pregão de Rua e a Canção Popular-Comercial no Brasil",425,Walter Garcia,"Música, Crítica musical","R$56,00"
Melodrama - O Gênero e sua Permanência,426,Ivete Huppes,"Literatura estrangeira, Teatro","R$31,00"
Memória Futura,427,Paulo Franchetti,"Literatura brasileira, Poesia","R$35,00"
Memórias Biográficas de Pintores Extraordinários,428,William Beckford,"Arte, Memória","R$36,00"
Memórias de um Sargento de Milícias,429,"Mamede Mustafa Jarouche, Manuel Antônio de Almeida","Literatura brasileira, Romance, Ilustrado","R$42,00"
Memórias de uma Avó,430,Vavy Pacheco Borges,"Memória, Álbum interativo","R$70,00"
Memórias Póstumas de Brás Cubas,431,"Antonio Medina Rodrigues, Machado de Assis","Literatura brasileira, Romance, Ilustrado","R$39,00"
Memorial de Mogi das Cruzes,432,José Sebastião Witter,"Literatura brasileira, Crônicas","R$48,00"
Memorial de um Herege,433,Samuel Reibscheid,"Literatura brasileira, Romance","R$45,00"
Mensagem,434,"António Apolinário Lourenço, Fernando Pessoa","Poesia, Literatura portuguesa, Ilustrado","R$41,00"
Mercadorias e Futuro,435,José Paes de Lira (Lirovsky),"Literatura brasileira, Contos","R$28,50"
Meu Fausto (Esboços),436,Paul Valéry,"Literatura estrangeira, Teatro, Tradução","R$49,00"
Michelângelo - Cinquenta Poemas,437,"Mauro Gama, Michelângelo","Poesia, Literatura estrangeira, Bilíngue","R$54,00"
Milton Hatoum - Itinerário para um Certo Relato,438,Marleine Paula Marcondes e Ferreira de Toledo,"Literatura brasileira, Crítica literária","R$42,00"
"Mistério do Leão Rampante, O",439,Rodrigo Lacerda,"Humor, Literatura brasileira, Romance, Ilustrado","R$92,00"
Mistérios do Dicionário,440,João Alexandre Barbosa,"Crítica literária, Literatura","R$58,00"
Mito e Poética na Literatura Contemporânea - Um Estudo sobre José Saramago,441,Vera Bastazin,"Crítica literária, Literatura portuguesa","R$35,00"
"Modernização pelo Avesso - Impasses da Representação Literária em Os Contos de Belazarte, de Mário de Andrade",442,Wilson José Flores Jr.,"Literatura brasileira, Crítica literária, Estudos Literários","R$46,00"
"Moeda da Arte, A - A Dinâmica dos Campos Artístico e Econômico no Patrocínio",443,Eduardo Fragoaz,"Política, Economia, Cultura","R$69,50"
Morte aos Papagaios,444,Gustavo Piqueira,"Literatura brasileira, Design, Crônicas, Ilustrado","R$62,00"
Música do Parnaso,445,"Manuel Botelho de Oliveira, Ivan Teixeira","Crítica literária, Poesia, Literatura portuguesa, Fac-símile","R$115,00"
Muita Sorte & Pouco Juízo,446,José Roberto de Alencar,"Memória, Jornalismo, Ilustrado","R$36,00"
"Mulher no Escuro, A",447,Cláudia Vasconcellos,"Literatura brasileira, Contos, Teatro","R$42,00"
Mulheres de Passagem,448,M. A. Amaral Rezende,"Contos, Literatura","R$41,00"
Na Conquista do Brasil,449,Donaldo Schüler,"Literatura brasileira, Crítica literária","R$52,00"
Na Madrugada das Formas Poéticas,450,Segismundo Spina,"Idade média, Crítica literária, Poesia, Literatura medieval","R$36,00"
Na Pureza do Sacrilégio,451,Carlos Cardoso,Poesia,"R$58,00"
Na Senda das Noites: Os Quatro Talismãs de Charles Nodier e Les mille et une nuits,452,Christiane Damien,"Crítica literária, Literatura estrangeira, Cultura árabe","R$51,00"
Nações Literárias,453,Wander Melo Miranda,Crítica literária,"R$52,00"
Narciso em Sacrifício - A Poética de Mário de Sá-Carneiro,454,Fernando Paixão,"Crítica literária, Literatura portuguesa","R$48,00"
Nas Águas do Mesmo Rio,455,Giselda Leirner,"Literatura brasileira, Romance","R$38,00"
"Nas Tramas da Ficção - História, Literatura e Leitura",456,"Clóvis Gruner, Cláudio DeNipoti","Crítica literária, Literatura","R$52,00"
"Nebulosa, A",457,Joaquim Manuel de Macedo,"Poesia, Literatura brasileira, Ilustrado","R$39,80"
Neguinho,458,Guga Stroeter,"Literatura brasileira, Romance, Ilustrado","R$48,00"
Nós e as Palavras,459,Luís Bueno,"Crítica literária, Teoria literária, Literatura","R$62,00"
No Fim das Terras,460,Milton Torres,"Literatura brasileira, Poesia","R$76,00"
No Rastro de Afrodite - Plantas Afrodisíacas e Culinária,461,Gil Felippe,"Ilustrado, Gastronomia, Culinária, Botânica","R$90,00"
Noel Rosa - O Humor na Canção,462,Mayra Pinto,"Música, Crítica musical","R$39,00"
"Nome do Cuidado, O",463,"Leo Lama, Paulo Hersch Rosenbaum","Medicina e Saúde, Cinema, Ilustrado","R$38,00"
Normas Gerais para os Trabalhos de Grau,464,Segismundo Spina,"Comunicação, Escrita, Produção acadêmica","R$28,00"
Notícia Histórica da Vida e das Obras de José Haydn,465,J. Le Breton,"Tradução, Música, Memória","R$34,00"
Novas Tecnologias - EGC Arquitetura,466,Renato Schroeder,"Arquitetura, Ilustrado","R$25,00"
Nove Degraus para o Esquecimento,467,Aguinaldo Gonçalves,"Ilustrado, Literatura brasileira, Poesia","R$82,00"
"Novelas, Espelhos e um Pouco de Choro",468,Thelma Guedes,"Literatura brasileira, Contos","R$52,00"
"Noviço, O",469,"José de Paula Ramos Jr., Martins Pena","Literatura brasileira, Teatro, Ilustrado","R$28,50"
Novos Poemas,470,Carlos Vogt,"Poesia, Literatura","R$66,00"
O Azul e o Mar,471,"Paul Valéry, Eduardo de Campos Valadares","Bilíngue, Literatura estrangeira, Poesia, Tradução","R$56,00"
O Hóspede,472,Mario Higa,"Contos, Literatura brasileira","R$38,00"
O Língua,473,Eromar Bomfim,"Romance, Literatura","R$40,00"
O Pai - 6a edição,474,Dirce de Assis Cavalcanti,"Memória, Ilustrado, História, Biografia","R$48,00"
"O Que Aconteceu, Aconteceu",475,Jacó Guinsburg,"Literatura brasileira, Contos","R$45,00"
O Que É Comunicação Poética,476,Décio Pignatari,"Comunicação, Poesia, Ilustrado","R$36,00"
O Que É Um Livro?,477,João Adolfo Hansen,"Livros sobre livros, História, Editoração, Bibliofilia","R$32,00"
O Um,478,Bruno Verner,"Literatura brasileira, Poesia","R$48,00"
Octávio Brandão e as Matrizes Intelectuais do Marxismo no Brasil,479,Felipe Castilho de Lacerda,"Ilustrado, História, Sociologia e Sociedade, Política","R$45,00"
Olga Savary - Erotismo e Paixão,480,Marleine Paula Marcondes e Ferreira de Toledo,"Literatura brasileira, Crítica literária, Poesia","R$52,00"
Olhares Desatentos,481,Sérgio Sesiki,"Literatura brasileira, Poesia, Contos, Crônicas, Cultura, Ilustrado","R$42,00"
Olhares Plausíveis,482,Gregório Bacic,"Literatura brasileira, Contos","R$32,00"
"Olho Imóvel Pela Força da Harmonia, O",483,William Wordsworth,"Poesia, Literatura estrangeira, Bilíngue, Tradução","R$49,50"
"Olho Vesgo, O",484,Tiago Mussi,"Literatura brasileira, Contos","R$28,00"
Orestes,485,"Eurípides, Trupersa - Trupe de Tradução de Teatro Antigo","Tradução, Cultura grega, Teatro, Literatura clássica, Bilíngue","R$47,00"
Orlando Furioso - Tomo I,486,Ludovico Ariosto,"Cultura medieval, Idade média, Poesia, Bilíngue, Literatura clássica, Ilustrado, Tradução","R$138,00"
"Otelo Brasileiro de Machado de Assis, O",487,Helen Caldwell,"Tradução, Literatura brasileira, Crítica literária","R$58,00"
"Outra Guerra do Fim do Mundo, A",488,Osvaldo Coggiola,"Política, História, Sociologia e Sociedade, Ilustrado","R$48,00"
Outra Língua,489,Henryk Siewierski,"Literatura brasileira, Poesia","R$36,00"
"Outro Lado do Vento, O",490,Wassily Chuck,"Literatura brasileira, Poesia","R$46,00"
Ouvir o Som,491,Paulo Zuben,Música,"R$54,00"
País em Branco,492,Ricardo Rizzo,"Literatura brasileira, Poesia","R$36,00"
Pagu - Literatura e Revolução,493,Thelma Guedes,"Literatura brasileira, Crítica literária, Biografia","R$48,00"
"Pai de Max Bauer e Outros Contos, O",494,Marcos Rodrigues,"Literatura brasileira, Contos, Ilustrado","R$42,00"
Palavra e Rosto,495,Fernando Paixão,"Literatura brasileira, Poesia, Ilustrado","R$58,00"
Palavra e Sombra - Ensaios de Crítica,496,Arthur Nestrovski,"Literatura brasileira, Crítica literária, Literatura estrangeira","R$38,00"
Palmeirim de Inglaterra,497,"Francisco de Moraes, Lênia Márcia Mongelli","Ilustrado, Romance, Literatura, Idade média, Cultura medieval, Literatura medieval, Literatura portuguesa","R$199,00"
Papel-Jornal - Artigos de Jornalismo Cultural,498,Marcello Rollemberg,"Jornalismo, Cultura","R$36,00"
Paradeiro,499,Luís Bueno,"Literatura, Romance","R$52,00"
Paratextos Editoriais,500,Gérard Genette,"Editoração, Livros sobre livros","R$91,00"
Périplos,501,Simone Homem de Mello,"Literatura brasileira, Poesia","R$52,00"
Parsona,502,Adriano Scandolara,Poesia,"R$44,90"
"Parte da Tarde, A",503,Fernando Paixão,"Literatura brasileira, Poesia, Ilustrado","R$56,00"
Pas de Politique Mariô! Mario Pedrosa e a Política,504,Dainis Karepovs,"História, Política, Ilustrado","R$51,00"
Passos da Semiótica Tensiva,505,Luiz Tatit,"Semiótica, Linguística, Comunicação","R$45,00"
"Pastorinhas de Pirenópolis-GO, As",506,"Lênia Márcia Mongelli, Neide Rodrigues Gomes","Ilustrado, História, Religião, Teatro, Cultura","R$78,00"
Pétala de Lamparina,507,Ricardo Lima,"Literatura brasileira, Poesia","R$30,00"
Paulinho da Viola e o Elogio do Amor,508,Eliete Eça Negreiros,"Crítica musical, Música","R$48,00"
Pedras Pensadas,509,Adolfo Montejo Navas,"Poesia, Literatura estrangeira, Bilíngue, Aforismos","R$53,00"
Pedro Nava e a Construção do Texto,510,"Edina Panichi, Miguel Luiz Contani","Literatura brasileira, Crítica literária","R$48,00"
Pequeno Guia Histórico das Livrarias Brasileiras,511,Ubiratan Machado,"Livros sobre livros, Memória, Cultura, Livrarias, Ilustrado","R$53,00"
"Pequeno Livro do Cerrado, O",512,Gil Perini,"Literatura brasileira, Contos","R$34,00"
"Pequeno Pomo ou a História da Música do Pós-Modernismo, O",513,Boudewijn Buckinx,"Música, Crítica musical","R$38,00"
Percursos pela África e por Macau,514,Benilde Justo Caniato,"Crítica literária, Literatura africana","R$41,00"
"Perseu, Medusa & Camille Claudel - Sobre a Experiência de Captura Estética",515,Ada Morgenstern,"Arte, Psicanálise e Psicologia, Ilustrado","R$58,00"
Philobiblon ou O Amigo do Livro,516,Marcelo Castel Cid,"Idade média, Cultura medieval, Livros sobre livros, Bilíngue, Bibliofilia","R$53,00"
Pincelagens & Debuxos / Debuxos & Pincelagens,517,Hélio Cabral,"Arte, Ilustração e pintura, Humor","R$78,00"
Pintura como Modelo para uma Filosofia da Expressão,518,Ana Westphal,"Filosofia, Arte","R$39,00"
"Poema dos Lunáticos, O",519,Ermanno Cavazzoni,"Romance, Literatura estrangeira, Tradução","R$60,00"
"Poema, O: Leitores e Leituras",520,"Andrea Saad Hossne, Ivone Daré Rabello, Viviana Bosi, Cláudia Arruda Campos","Crítica literária, Literatura","R$38,00"
Poemas Reunidos,521,"Mario Higa, Cesário Verde","Poesia, Literatura portuguesa","R$40,00"
"Poesia como Pintura, A - A Ekphrasis em Albano Martins",522,Álvaro Cardoso Gomes,"Arte, Crítica literária, Poesia, Literatura portuguesa, Estudos Literários","R$42,00"
Poesia É Criação: Uma Antologia,523,José de Almada Negreiros,"Ilustrado, Poesia, Literatura estrangeira, Teoria literária, Literatura portuguesa, Teatro","R$63,00"
Poesia Pois É Poesia,524,Décio Pignatari,"Literatura brasileira, Poesia, Poesia concreta, Ilustrado","R$96,00"
Poesia Vista,525,Joan Brossa,"Poesia, Literatura estrangeira, Bilíngue, Ilustrado","R$62,00"
Poesias,526,Segismundo Spina,"Literatura brasileira, Poesia","R$38,00"
"Poetas Românticos, Críticos e Outros Loucos",527,Charles Rosen,"Tradução, Crítica literária, Literatura","R$59,00"
Política Cultural e Economia da Cultura,528,José Carlos Durand,"Política, Economia, Cultura","R$45,00"
Pontuação Circense,529,Ésio Macedo,"Literatura brasileira, Poesia","R$32,00"
Por Minha Letra e Sinal - Documentos do Ouro do Século XVII,530,"Heitor Megale, Sílvio de Almeida Toledo Neto","Idade média, Paleografia, História, Livros sobre livros, Linguística","R$86,00"
Por uma Nova Política - Uma Campanha na SBPC,531,Renato Janine Ribeiro,"Política, Sociologia e Sociedade","R$42,00"
Porta-retratos,532,Marise Hansen,"Literatura brasileira, Poesia","R$50,00"
Portanto... Pepetela,533,"Rita Chaves, Tania Macêdo","Crítica literária, Literatura africana","R$54,00"
"Portas do Sonho, As",534,Adélia Bezerra de Meneses,"Mitologia, Psicanálise e Psicologia, Cultura, Ilustrado","R$65,00"
Portos Flutuantes - Trânsitos Ibero-afro-americanos,535,"Benjamin Abdala Jr., Marli Fantini Scarpelli","Literatura brasileira, Crítica literária, Literatura portuguesa, Literatura africana","R$58,00"
Porvir que Vem Antes de Tudo - Literatura e Cinema em Lavoura Arcaica,536,Renato Tardivo,"Crítica literária, Psicanálise e Psicologia, Cinema","R$36,00"
Prelúdio da Metrópole - Arquitetura e Urbanismo em São Paulo na Passagem do Século XIX ao XX,537,Hugo Segawa,"Arquitetura, Urbanismo, Patrimônio Histórico, Ilustrado","R$82,00"
Prenúncios e Vestígios,538,Edward Lopes,"Literatura brasileira, Crítica literária","R$75,00"
Preservação do Patrimônio Arquitetônico da Industrialização,539,Beatriz Mugayar Kühl,"Arquitetura, Restauração, Patrimônio Histórico, Ilustrado","R$92,00"
Primeiras Palavras,540,Douglas Messerli,"Poesia, Literatura estrangeira, Bilíngue","R$28,00"
"Primórdios da Cerveja no Brasil, Os",541,Sérgio de Paula Santos,"Gastronomia, História","R$26,00"
"Primo Basílio, O",542,"Paulo Franchetti, Eça de Queirós","Romance, Literatura portuguesa, Ilustrado","R$44,50"
"Privilégios, Os",543,"Jerusa Pires Ferreira, Stendhal","Literatura estrangeira, Contos, Tradução","R$25,00"
"Processos de Criação em À Sombra das Raparigas em Flor, Os",544,Philippe Willemart,"Crítica literária, Literatura, Psicanálise e Psicologia, Teoria literária","R$48,00"
Produção Gráfica para Designers,545,Mark Gatter,"Ilustrado, Livros sobre livros, Artes gráficas","R$148,00"
"Professor Riobaldo, O - Um Novo Místico da Poetagem",546,Héctor Olea,"Literatura brasileira, Crítica literária","R$48,00"
"Proust, Poeta e Psicanalista",547,Philippe Willemart,"Crítica literária, Literatura estrangeira, Psicanálise e Psicologia","R$52,00"
Psicolirismo da Terapia Cotidiana,548,Rita Moutinho,Poesia,"R$51,00"
Quadragésimo,549,Horácio Costa,"Literatura brasileira, Poesia","R$48,00"
"Quase Fim de Serapião Filogônio, O",550,Jonas Rosa,"Literatura brasileira, Romance","R$36,00"
Quase Tudo,551,Ecos Falsos,"Música, Biografia","R$30,00"
Quatro Ensaios sobre OSCAR NIEMEYER,552,"Ingrid Quintana Guerrero, Paulo Bruna","Arquitetura, Restauração, Ilustrado, Urbanismo","R$58,00"
"Queda do Muro de Berlim e a Presentificação da História, A",553,Flávia Bancher,"Política, História, Sociologia e Sociedade, Ilustrado","R$41,00"
"Questão da Ideologia no Círculo de Bakhtin, A",554,Luiz Rosalvo Costa,"Comunicação, Filosofia, Ilustrado, Linguística","R$58,00"
Quincas Borba,555,"Machado de Assis, Jean Pierre Chauvin","Ilustrado, Romance, Literatura brasileira","R$42,00"
Rabelais e Joyce - Três Leituras Menipeias,556,Élide Valarini Oliver,"Crítica literária, Literatura estrangeira","R$42,00"
Rapid Departures,557,Vincent Katz,"Tipografia, Poesia, Literatura estrangeira, Bilíngue, Ilustrado, Tradução","R$58,00"
Réu Confesso - Poemas Reunidos (1968-2010),558,Luiz Meyer,"Literatura brasileira, Poesia","R$44,00"
Realidade & Ilusão em Machado de Assis,559,José Aderaldo Castello,"Literatura brasileira, Crítica literária","R$45,00"
Realidade Possível: Dilemas da Ficção em Henry James e Machado de Assis,560,Marcelo Pen Parreira,Crítica literária,"R$51,00"
Realidades e Ficções na Trama Fotográfica - 5ª Edição,561,Boris Kossoy,"Fotografia, História","R$45,00"
Refluxos,562,Edson Valente,"Literatura brasileira, Contos","R$28,00"
"Relíquia, A",563,"Fernando Marcílio L. Couto, Eça de Queirós","Romance, Literatura portuguesa, Ilustrado","R$41,00"
Remorso do Cosmos,564,Régis Bonvicino,"Literatura brasileira, Poesia","R$43,00"
René Thiollier - Obra e Vida do Grão-Senhor da Villa Fortunata e da Academia Paulista de Letras,565,Valter Cesar Pinheiro,"Biografia, Crítica literária, Ilustrado, Literatura brasileira","R$54,00"
Repensando a Educação,566,Geraldina Porto Witter,Educação e Pedagogia,"R$29,00"
Repensando o Partido Verde Brasileiro,567,Tibor Rabóczkay,Política,"R$44,00"
República das Bicicletas,568,Moacyr Godoy Moreira,"Literatura brasileira, Crônicas","R$50,00"
Resíduos,569,David Oscar Vaz,"Literatura brasileira, Contos","R$35,00"
Resíduos Ensaísticos de uma Pós-Graduação,570,Segismundo Spina,"Crítica literária, Teoria literária, Linguística","R$28,00"
Resposta,571,Elisa Nazarian,"Literatura brasileira, Poesia","R$48,00"
Restauração,572,E. E. Viollet-le-Duc,"Arquitetura, Restauração","R$35,00"
"Restauradores, Os",573,Camillo Boito,"Arquitetura, Restauração","R$34,00"
Resumo do Dia,574,Heitor Ferraz,"Literatura brasileira, Poesia","R$26,00"
"Retorno de Bennu, O",575,Majela Colares,"Literatura brasileira, Poesia","R$43,00"
Retrato do Brasil em Cordel,576,Mark Curran,"Livros sobre livros, Ilustrado, Literatura brasileira, Cultura, Cordel","R$98,00"
Revista de Estudos Orientais n° 4,577,Depto. Letras Orientais USP,Literatura estrangeira,"R$58,00"
Revistas Científicas - Dos Processos Tradicionais às Perspectivas Alternativas de Comunicação,578,"Geraldina Porto Witter, Dinah Aguiar Población, Lúcia Maria Costa Ramos, Vânia de Oliveira Funaro","Comunicação, Produção acadêmica","R$44,00"
Revistas na Era Pós-Verso,579,Omar Khouri,"Crítica literária, Editoração, Poesia concreta, Ilustrado","R$38,00"
"Rio na Parede, O",580,Gil Felippe,"Literatura brasileira, Contos","R$32,00"
Romance de Formação em Perspectiva Histórica - O Tambor de Lata de Günter Grass,581,Marcus Vinicius Mazzari,"Crítica literária, Literatura estrangeira","R$46,00"
Rosa Luxemburgo: Crise e Revolução,582,Rosa Rosa Gomes,"Política, História","R$63,00"
"Rosto da Memória, O",583,Décio Pignatari,"Literatura brasileira, Contos","R$42,00"
Roteiro para um Narrador - Uma Leitura dos Contos de Rubem Fonseca,584,Ariovaldo José Vidal,"Literatura brasileira, Crítica literária","R$44,00"
Rousseau e as Artes,585,"Paulo Mugayar Kühl, Célia Gambini","Arte, Filosofia","R$45,00"
Ruídos Urbanos,586,Moacyr Godoy Moreira,"Literatura brasileira, Contos, Ilustrado","R$38,00"
Rudimentos da Vida Coletiva,587,Alcir Pécora,"Literatura brasileira, Romance","R$34,00"
Rumo à Vertigem ou A Arte de Naufragar-se,588,Wassily Chuck,"Literatura brasileira, Poesia, Ilustrado","R$58,00"
Rupturas - Poemas em Busca de um Eixo,589,Ana Maria Amaral,"Literatura brasileira, Poesia, Ilustrado","R$33,00"
"Sabedoria do Bibliotecário, A",590,Michel Melot,"Livros sobre livros, Biblioteconomia","R$36,00"
Salvações no Nordeste - Política e Participação Popular,591,Flávia Borges Pereira,"Política, História, Sociologia e Sociedade, Cordel","R$46,00"
"Sangue dos Dias Transparentes, O",592,Paulo Franchetti,"Literatura brasileira, Contos","R$36,00"
"Sátira e o Engenho, A - Gregório de Matos e a Bahia do Século XVII",593,João Adolfo Hansen,"Literatura brasileira, Crítica literária","R$79,50"
Sementes Aladas,594,Percy Bysshe Shelley,"Poesia, Literatura estrangeira, Bilíngue, Tradução","R$56,00"
Semiótica & Literatura (8a. ed.),595,Décio Pignatari,"Comunicação, Cultura, Literatura, Semiótica","R$46,00"
Semiótica da Arte e da Arquitetura,596,Décio Pignatari,"Arte, Semiótica, Arquitetura, Ilustrado","R$41,00"
Semiótica à Luz de Guimarães Rosa,597,Luiz Tatit,"Literatura brasileira, Crítica literária, Semiótica","R$48,00"
Serafim Ponte Grande e as Dificuldades da Crítica Literária,598,Pascoal Farinaccio,"Literatura brasileira, Crítica literária","R$52,00"
"Sertões, Os - Campanha de Canudos",599,"Leopoldo Bernucci, Euclides da Cunha","Literatura brasileira, Romance, Ilustrado","R$120,00"
Só (seguido de Despedidas),600,"Annie Gisele Fernandes, Hélder Garmes, Antônio Nobre","Poesia, Literatura portuguesa, Ilustrado","R$42,00"
Sôbô - Uma Saga da Imigração Japonesa (2a. ed.),601,Tatsuzô Ishikawa,"Memória, Romance, Literatura estrangeira, Ilustrado, Tradução","R$48,00"
Signos (em) Cena - Poemas | Ensaios,602,Aguinaldo Gonçalves,"Arte, Literatura brasileira, Poesia, Ilustrado","R$78,00"
Silêncios de Água e Pedra,603,Wassily Chuck,"Literatura brasileira, Poesia","R$46,00"
Silêncios no Escuro,604,Maria Viana,"Contos, Literatura brasileira","R$38,00"
"Simbolismo dos Padrões Geométricos da Arte Islâmica, O",605,Sylvia Leite,"Arte, Religião, Cultura islâmica, Ilustrado, Cultura árabe","R$53,00"
Sinais das Ideias,606,Moacir Ferreira de Oliveira,"Literatura brasileira, Poesia","R$45,00"
Soalho de Tábua,607,Moacyr Godoy Moreira,"Literatura brasileira, Contos, Ilustrado","R$35,00"
Sobre o Filme Lavour'Arcaica,608,Luiz Fernando Carvalho,"Cinema, Entrevistas, Ilustrado","R$48,00"
Sociologia Brasileira Hoje,609,"Carlos Benedito Martins, Sergio Miceli","Cidadania, Economia, Ilustrado, Política, Sociologia e Sociedade","R$68,00"
Sociologia Brasileira Hoje II,610,"Sergio Miceli, Carlos Benedito Martins","Economia, Sociologia e Sociedade, Política","R$60,00"
Sociologia da Leitura,611,"Mauro Gama, Chantal Horellou-Lafarge, Monique Segré","Tradução, Sociologia e Sociedade, Literatura, Cultura, Livrarias","R$48,00"
Sofia - Uma Ventania para Dentro / Sofia - Una Brisa para Dentro,612,Sidney Rocha,"Literatura brasileira, Romance, Bilíngue","R$43,00"
Sombras da Percepção,613,"Geoffrey Lynn, Aurora Fornoni Bernardini","Poesia, Literatura estrangeira, Bilíngue","R$38,00"
Sombras e Distâncias,614,Egberto Penido,"Literatura brasileira, Poesia, Ilustrado","R$28,00"
Somente nos Cinemas,615,Jorge Ialanji Filholini,"Literatura brasileira, Contos","R$42,00"
Sondas,616,José de Paula Ramos Jr.,"Literatura brasileira, Poesia","R$42,00"
Sonetos de Camões,617,"Carlos Cortez Minchillo, Izeti Fragata Torralvo, Luís de Camões","Poesia, Literatura portuguesa, Ilustrado","R$35,00"
Sudário,618,Guiomar de Grammont,"Literatura brasileira, Contos","R$48,00"
São Paulo: Trânsitos,619,Vincenzo Scarpellini,"Arte, Ilustração e pintura","R$26,00"
São Paulo: Vidas,620,Vincenzo Scarpellini,"Arte, Ilustração e pintura","R$26,00"
"Teatro da Memória de Giulio Camillo, O",621,Milton José de Almeida,"Arte, Teatro, Filosofia, Ilustrado","R$72,00"
Teatro de Animação,622,Ana Maria Amaral,"Teatro, Ilustrado","R$38,00"
Teatro Russo - Literatura e Espetáculo,623,"Arlete Cavalieri, Elena Vássina","Ilustrado, Crítica literária, Literatura estrangeira, Teatro","R$89,00"
Tempo Solto,624,Amálio Pinheiro,"Literatura brasileira, Poesia","R$42,00"
"Tempo Vivo da Memória, O - Ensaios de Psicologia Social",625,Ecléa Bosi,"Memória, Psicanálise e Psicologia, Sociologia e Sociedade","R$62,00"
"Tempos da Fotografia, Os - O Efêmero e o Perpétuo",626,Boris Kossoy,"História, Fotografia, Ilustrado","R$55,00"
Teoria da Poesia Concreta - Textos Críticos e Manifestos (1950-1960),627,"Décio Pignatari, Augusto de Campos, Haroldo de Campos","Literatura brasileira, Poesia, Teoria literária, Poesia concreta","R$68,00"
Teoria da Restauração,628,Cesare Brandi,"Arquitetura, Restauração","R$62,00"
Teorias da Comunicação: Muitas ou Poucas?,629,"Luiz C. Martino, Charles R. Berger, Robert T. Craig",Comunicação,"R$28,00"
"Terceiro Livro dos Fatos e Ditos Heroicos do Bom Pantagruel, O",630,François Rabelais,"Romance, Literatura estrangeira, Ilustrado, Tradução","R$120,00"
Terceiro Tempo,631,Décio Pignatari,"Literatura brasileira, Crônicas, História","R$38,00"
Território de Epidauro,632,Pedro Nava,"Memória, Medicina e Saúde","R$58,00"
Til - Romance Brasileiro,633,"Ivan Teixeira, José de Alencar","Literatura brasileira, Romance, Ilustrado","R$41,00"
Timbre,634,Virgílio Maia,"Literatura brasileira, Poesia","R$35,00"
Tirant lo Blanc,635,Joanot Martorell,"Romance, Ilustrado, Idade média, Literatura medieval, Cultura medieval","R$120,00"
"Todos Entoam - Ensaios, Conversas e Lembranças",636,Luiz Tatit,"Música, Biografia","R$68,00"
Together 1996,637,Régis Bonvicino,"Literatura brasileira, Poesia","R$28,00"
"Tolerância e o Intempestivo, A",638,Edson Passetti,"Política, Sociologia e Sociedade, Religião, Filosofia","R$48,00"
Túnel do Tempo,639,José Sebastião Witter,"Memória, Literatura brasileira, Jornalismo","R$38,00"
Traduzir o Poema,640,Álvaro Faleiros,"Tradução, Teoria literária","R$48,00"
Tragédia Grega - O Mito em Cena,641,Daisi Malhadas,"Mitologia, Teatro","R$38,00"
Trajetória de Paulo Emilio,642,Adilson Mendes,"Cinema, Cultura","R$52,00"
Trajetória em Noite Escura,643,Naoya Shiga,"Romance, Literatura estrangeira, Tradução","R$62,00"
Transliteração do Hebraico para Leitores Brasileiros,644,Saul Kirschbaum,"Tradução, Editoração, Hebraico","R$18,00"
"Transmutação Metalinguística na Poética de Edgard Braga, A",645,Beatriz Helena Ramos Amaral,"Literatura brasileira, Crítica literária, Poesia","R$46,00"
Transverso,646,Marcos Pamplona,Poesia,"R$44,90"
Três Vezes Machado de Assis,647,Ubiratan Machado,"Memória, Literatura brasileira, Crítica literária","R$28,00"
Travessias - D. João VI e o Mundo Lusófono,648,Paulo Motta Oliveira,"Crítica literária, Literatura portuguesa, História","R$67,00"
"Trágica História do Dr. Fausto, A",649,"Christopher Marlowe, Luís Bueno","Teatro, Literatura clássica, Bilíngue","R$128,00"
Tripé,650,Rodrigo Lacerda,"Literatura brasileira, Contos","R$46,00"
Triste Fim de Policarpo Quaresma,651,"Gustavo Martins, Lima Barreto, Ivan Teixeira","Literatura brasileira, Romance, Ilustrado","R$38,00"
Tropicália: Alegoria Alegria,652,Celso Favaretto,"Música, Crítica musical","R$53,00"
TV Digital.Br: Conceitos e Estudos sobre o ISDB-Tb,653,"S. Squirra, Valdecir Becker","Comunicação, Televisão, Ilustrado","R$48,00"
Um Amor Literário,654,Letícia Malard,"Literatura brasileira, Romance","R$38,00"
Um Canto,655,Cacá Moreira de Souza,"Literatura brasileira, Poesia","R$52,00"
Um Lance de Dados,656,"Álvaro Faleiros, Stéphane Mallarmé","Poesia, Literatura estrangeira, Bilíngue, Tradução","R$52,00"
Uma Lua em Paris,657,M. A. Amaral Rezende,"Ilustrado, Literatura brasileira, Romance","R$38,00"
"Urna, A",658,David Oscar Vaz,"Literatura brasileira, Contos","R$38,00"
Vanguardas: Brasil & Itália,659,Lúcia Wataghin,"Crítica literária, Arquitetura, Cultura","R$54,00"
Várias Histórias,660,"José de Paula Ramos Jr., Machado de Assis","Literatura brasileira, Contos, Ilustrado","R$38,00"
Velho é o Espelho,661,Maria de Lourdes Ferreira Alves,"Literatura brasileira, Poesia","R$46,00"
"Velho Chico ou A Vida é Amável, O",662,Dirce de Assis Cavalcanti,Memória,"R$48,00"
Velhos Amigos,663,Ecléa Bosi,"Literatura brasileira, Memória, Contos, Crônicas, Ilustrado","R$43,00"
Vermelho,664,Aguinaldo Gonçalves,"Ilustrado, Literatura brasileira, Poesia","R$56,00"
Viagem a um Deserto Interior,665,Leila Guenther,"Literatura brasileira, Poesia, Ilustrado","R$42,00"
"Viagem ao Egito, Jordânia e Israel",666,Pedro Nava,"Memória, Literatura brasileira, Ilustrado","R$28,00"
Viagem de Joseph Língua,667,Pedro Américo de Farias,"Literatura brasileira, Romance","R$27,00"
Viagem Magnética,668,Décio Pignatari,"Literatura brasileira, Teatro","R$32,00"
Viagens na Minha Terra,669,"Ivan Teixeira, Almeida Garrett","Romance, Literatura portuguesa, Ilustrado","R$38,00"
Vida e Morte de M. J. Gonzaga de Sá,670,"Marcos Scheffel, Lima Barreto","Ilustrado, Literatura brasileira, Romance","R$41,00"
Vidas de Dante - Escritos Biográficos dos Séculos XIV e XV,671,Eduardo Henrik Aubert,"Biografia, História","R$40,50"
Vitrola dos Ausentes,672,Paulo Ribeiro,"Literatura brasileira, Romance","R$36,00"
Viva Vaia - Poesia 1949-1979,673,Augusto de Campos,"Literatura brasileira, Poesia, Poesia concreta, Ilustrado","R$160,00"
Vocabulário Português-Nheengatu - Nheengatu-Português,674,E. Stradelli,"Dicionário, Linguística","R$83,00"
"Voo Noturno das Galinhas, O",675,Leila Guenther,"Literatura brasileira, Contos","R$38,00"
"Voz e o Tempo, A - Reflexões para Jovens Terapeutas",676,Roberto Gambini,"Psicanálise e Psicologia, Ilustrado","R$68,00"
"Voz na Canção Popular Brasileira, A - Um Estudo sobre a Vanguarda Paulista",677,Regina Machado,"Música, Crítica musical","R$31,00"
"Voz que Canta na Voz que Fala, A - Poética e Política na Trajetória de Gilberto Gil",678,Pedro Henrique Varoni de Carvalho,"Música, Crítica musical","R$62,00"
Vão-se os Dias e Eu Fico,679,Edson Nery da Fonseca,"Memória, Biblioteconomia, Ilustrado","R$39,00"
William Morris - Sobre as Artes do Livro,680,"William Morris, Gustavo Piqueira","Editoração, Livros sobre livros, Ilustrado, Design, Artes gráficas","R$160,00"
Wright  Artigas - Duas Viagens,681,Adriana Irigoyen,"Arquitetura, Ilustrado","R$78,00"
Yaser,682,Eda Nagayama,"Romance, Ilustrado, Bilíngue, Literatura, Política","R$45,00"
Zé Ferino,683,Rodrigo Penteado,"Literatura brasileira, Romance, Ilustrado","R$34,00"